GROUP,PACKAGE,CLASS,INSTRUCTION_MISSED,INSTRUCTION_COVERED,BRANCH_MISSED,BRANCH_COVERED,LINE_MISSED,LINE_COVERED,COMPLEXITY_MISSED,COMPLEXITY_COVERED,METHOD_MISSED,METHOD_COVERED
JWT-with-Spring-Security,com.spring.jwt.car.mapper,CarMapper,424,0,72,0,79,0,40,0,4,0
JWT-with-Spring-Security,com.spring.jwt.config.filter,XssFilter,102,0,6,0,16,0,9,0,6,0
JWT-with-Spring-Security,com.spring.jwt.config.filter,CustomAuthenticationProvider,155,0,16,0,40,0,16,0,8,0
JWT-with-Spring-Security,com.spring.jwt.config.filter,JwtUsernamePasswordAuthenticationFilter,322,0,4,0,83,0,9,0,7,0
JWT-with-Spring-Security,com.spring.jwt.config.filter,JwtRefreshTokenFilter,586,0,32,0,152,0,25,0,9,0
JWT-with-Spring-Security,com.spring.jwt.config.filter,JwtRefreshTokenFilter.RefreshTokenAuthentication,35,0,0,0,14,0,9,0,9,0
JWT-with-Spring-Security,com.spring.jwt.config.filter,SecurityHeadersFilter,47,0,0,0,15,0,5,0,5,0
JWT-with-Spring-Security,com.spring.jwt.config.filter,RateLimitingFilter.RequestCounter,29,0,0,0,11,0,5,0,5,0
JWT-with-Spring-Security,com.spring.jwt.config.filter,XssFilter.XssRequestWrapper,293,0,26,0,61,0,21,0,8,0
JWT-with-Spring-Security,com.spring.jwt.config.filter,RateLimitingFilter,151,0,28,0,39,0,23,0,9,0
JWT-with-Spring-Security,com.spring.jwt.config.filter,SqlInjectionFilter.SqlInjectionRequestWrapper,255,0,20,0,56,0,18,0,8,0
JWT-with-Spring-Security,com.spring.jwt.config.filter,SqlInjectionFilter.SqlInjectionRequestWrapper.new Enumeration() {...},21,0,0,0,3,0,3,0,3,0
JWT-with-Spring-Security,com.spring.jwt.config.filter,JwtTokenAuthenticationFilter,621,0,86,0,156,0,58,0,15,0
JWT-with-Spring-Security,com.spring.jwt.config.filter,SqlInjectionFilter,18,0,0,0,7,0,5,0,5,0
JWT-with-Spring-Security,com.spring.jwt.config.filter,XssFilter.XssRequestWrapper.new Enumeration() {...},21,0,0,0,3,0,3,0,3,0
JWT-with-Spring-Security,com.spring.jwt.socket.dto,AuctionEventDTO,24,0,0,0,1,0,1,0,1,0
JWT-with-Spring-Security,com.spring.jwt.socket.dto,ChatMessageDTO,124,0,22,0,5,0,21,0,10,0
JWT-with-Spring-Security,com.spring.jwt.socket.dto,BidMessageDTO,12,0,0,0,1,0,1,0,1,0
JWT-with-Spring-Security,com.spring.jwt.entity,BrandData,46,0,0,0,8,0,10,0,10,0
JWT-with-Spring-Security,com.spring.jwt.entity,Role,130,0,22,0,8,0,22,0,11,0
JWT-with-Spring-Security,com.spring.jwt.entity,UserProfile,504,0,90,0,14,0,73,0,28,0
JWT-with-Spring-Security,com.spring.jwt.entity,Buyer,203,0,34,0,7,0,31,0,14,0
JWT-with-Spring-Security,com.spring.jwt.entity,Status,71,0,4,0,13,0,6,0,4,0
JWT-with-Spring-Security,com.spring.jwt.entity,Seller,193,10,34,0,4,3,29,2,12,2
JWT-with-Spring-Security,com.spring.jwt.entity,User,907,0,162,0,26,0,127,0,46,0
JWT-with-Spring-Security,com.spring.jwt.laptop.entity,LaptopPhotos.LaptopPhotosBuilder,45,0,0,0,1,0,7,0,7,0
JWT-with-Spring-Security,com.spring.jwt.laptop.entity,LaptopBooking.LaptopBookingBuilder,81,0,0,0,1,0,11,0,11,0
JWT-with-Spring-Security,com.spring.jwt.laptop.entity,LaptopPhotos,214,0,38,0,8,0,34,0,15,0
JWT-with-Spring-Security,com.spring.jwt.laptop.entity,BeadingLaptop,640,0,126,0,17,0,98,0,35,0
JWT-with-Spring-Security,com.spring.jwt.laptop.entity,Laptop,1200,0,212,0,32,0,166,0,60,0
JWT-with-Spring-Security,com.spring.jwt.laptop.entity,LaptopBooking,402,0,74,0,16,0,61,0,24,0
JWT-with-Spring-Security,com.spring.jwt.laptop.entity,BidLaptops,275,0,54,0,8,0,44,0,17,0
JWT-with-Spring-Security,com.spring.jwt.exception.car,CarNotFoundException,9,0,0,0,4,0,2,0,2,0
JWT-with-Spring-Security,com.spring.jwt.exception.car,CarImageException,9,0,0,0,4,0,2,0,2,0
JWT-with-Spring-Security,com.spring.jwt.exception.car,CarValidationException,4,0,0,0,2,0,1,0,1,0
JWT-with-Spring-Security,com.spring.jwt.exception.Bike,ResourceNotFound,4,0,0,0,2,0,1,0,1,0
JWT-with-Spring-Security,com.spring.jwt.exception.Bike,BikeImageNotFound,4,0,0,0,2,0,1,0,1,0
JWT-with-Spring-Security,com.spring.jwt.exception.Bike,bikeNotFoundException,4,0,0,0,2,0,1,0,1,0
JWT-with-Spring-Security,com.spring.jwt.exception.Bike,InvalidBikeData,4,0,0,0,2,0,1,0,1,0
JWT-with-Spring-Security,com.spring.jwt.exception.Bike,BookingNotFoundException,4,0,0,0,2,0,1,0,1,0
JWT-with-Spring-Security,com.spring.jwt.exception.Bike,SellerNotFound,4,0,0,0,2,0,1,0,1,0
JWT-with-Spring-Security,com.spring.jwt.exception.Bike,StatusNotFoundException,4,0,0,0,2,0,1,0,1,0
JWT-with-Spring-Security,com.spring.jwt.Bike.Controller,Bike_booking_controller,100,0,0,0,20,0,9,0,9,0
JWT-with-Spring-Security,com.spring.jwt.Bike.Controller,bikeController,118,0,0,0,25,0,11,0,11,0
JWT-with-Spring-Security,com.spring.jwt.Bike.Controller,BikeImageController,46,0,0,0,8,0,4,0,4,0
JWT-with-Spring-Security,com.spring.jwt.car.controller,CarController,75,0,0,0,17,0,6,0,6,0
JWT-with-Spring-Security,com.spring.jwt.car.controller,CarImageController,42,0,0,0,14,0,3,0,3,0
JWT-with-Spring-Security,com.spring.jwt.utils.Colours.controller,ColourController,103,0,2,0,23,0,6,0,5,0
JWT-with-Spring-Security,com.spring.jwt.laptop.controller,LaptopBookingController,47,0,0,0,12,0,6,0,6,0
JWT-with-Spring-Security,com.spring.jwt.laptop.controller,LaptopPhotoController,55,0,0,0,14,0,3,0,3,0
JWT-with-Spring-Security,com.spring.jwt.laptop.controller,LaptopBeadingController,25,0,0,0,5,0,5,0,5,0
JWT-with-Spring-Security,com.spring.jwt.laptop.controller,LaptopBidWebSocketController,34,0,0,0,7,0,3,0,3,0
JWT-with-Spring-Security,com.spring.jwt.laptop.controller,LaptopController,163,0,2,0,28,0,10,0,9,0
JWT-with-Spring-Security,com.spring.jwt.Mobile.Mapper,MobileMapper,176,0,26,0,36,0,17,0,4,0
JWT-with-Spring-Security,com.spring.jwt.car.entity,CarImage,214,0,38,0,8,0,34,0,15,0
JWT-with-Spring-Security,com.spring.jwt.car.entity,CarImage.CarImageBuilder,45,0,0,0,1,0,7,0,7,0
JWT-with-Spring-Security,com.spring.jwt.car.entity,Car.Status,21,0,0,0,2,0,1,0,1,0
JWT-with-Spring-Security,com.spring.jwt.car.entity,Car.Condition,21,0,0,0,2,0,1,0,1,0
JWT-with-Spring-Security,com.spring.jwt.car.entity,Car,1675,0,306,0,42,0,236,0,83,0
JWT-with-Spring-Security,com.spring.jwt.car.entity,Car.Transmission,15,0,0,0,2,0,1,0,1,0
JWT-with-Spring-Security,com.spring.jwt.car.entity,Car.CarBuilder,351,0,0,0,1,0,41,0,41,0
JWT-with-Spring-Security,com.spring.jwt.car.entity,Car.FuelType,27,0,0,0,2,0,1,0,1,0
JWT-with-Spring-Security,com.spring.jwt.Bike.dto,bikeDto,579,108,126,0,2,17,69,31,6,31
JWT-with-Spring-Security,com.spring.jwt.Bike.dto,Bike_booking_dto,210,0,38,0,7,0,33,0,14,0
JWT-with-Spring-Security,com.spring.jwt.Bike.dto,bikeDto.bikeDtoBuilder,144,0,0,0,1,0,18,0,18,0
JWT-with-Spring-Security,com.spring.jwt.service.security,UserDetailsCustom,313,0,54,0,22,0,50,0,23,0
JWT-with-Spring-Security,com.spring.jwt.service.security,UserDetailsServiceCustom,95,0,8,0,25,0,8,0,4,0
JWT-with-Spring-Security,com.spring.jwt.Bike.Mapper,ImageConfig,33,0,0,0,7,0,2,0,2,0
JWT-with-Spring-Security,com.spring.jwt.Bike.Mapper,modelMapperConfig,20,0,0,0,5,0,3,0,3,0
JWT-with-Spring-Security,com.spring.jwt.exception,UserNotFoundExceptions,17,0,0,0,7,0,3,0,3,0
JWT-with-Spring-Security,com.spring.jwt.exception,NotesNotCreatedException,4,0,0,0,2,0,1,0,1,0
JWT-with-Spring-Security,com.spring.jwt.exception,BaseException,124,0,22,0,6,0,21,0,10,0
JWT-with-Spring-Security,com.spring.jwt.exception,InvalidPaginationParameterException,4,0,0,0,2,0,1,0,1,0
JWT-with-Spring-Security,com.spring.jwt.exception,CloudinaryDeleteException,4,0,0,0,2,0,1,0,1,0
JWT-with-Spring-Security,com.spring.jwt.exception,PageNotFoundException,4,0,0,0,2,0,1,0,1,0
JWT-with-Spring-Security,com.spring.jwt.exception,EmailNotVerifiedException,4,0,0,0,2,0,1,0,1,0
JWT-with-Spring-Security,com.spring.jwt.exception,ExamOnHolidayException,4,0,0,0,2,0,1,0,1,0
JWT-with-Spring-Security,com.spring.jwt.exception,InvalidOtpException,4,0,0,0,2,0,1,0,1,0
JWT-with-Spring-Security,com.spring.jwt.exception,GlobalException,1574,0,8,0,343,0,61,0,57,0
JWT-with-Spring-Security,com.spring.jwt.exception,CustomAccessDeniedHandler,33,0,0,0,10,0,2,0,2,0
JWT-with-Spring-Security,com.spring.jwt.exception,PhotoNotFoundException,4,0,0,0,2,0,1,0,1,0
JWT-with-Spring-Security,com.spring.jwt.exception,PaperFetchException,4,0,0,0,2,0,1,0,1,0
JWT-with-Spring-Security,com.spring.jwt.exception,ExamTimeWindowException,9,0,0,0,4,0,2,0,2,0
JWT-with-Spring-Security,com.spring.jwt.exception,OtpExpiredException,4,0,0,0,2,0,1,0,1,0
JWT-with-Spring-Security,com.spring.jwt.exception,EmptyFieldException,4,0,0,0,2,0,1,0,1,0
JWT-with-Spring-Security,com.spring.jwt.exception,ResourceNotFoundException,4,0,0,0,2,0,1,0,1,0
JWT-with-Spring-Security,com.spring.jwt.exception,UserAlreadyExistException,4,0,0,0,2,0,1,0,1,0
JWT-with-Spring-Security,com.spring.jwt.Bike.response,BookingResponce,317,0,54,0,17,0,46,0,19,0
JWT-with-Spring-Security,com.spring.jwt.Bike.response,ApiResponse,98,0,0,0,25,0,15,0,15,0
JWT-with-Spring-Security,com.spring.jwt.socket,AuctionWebSocketController,53,0,0,0,13,0,3,0,3,0
JWT-with-Spring-Security,com.spring.jwt.socket,WebSocketConfig,51,0,0,0,9,0,3,0,3,0
JWT-with-Spring-Security,com.spring.jwt.socket,JwtHandshakeInterceptor,65,0,14,0,21,0,10,0,3,0
JWT-with-Spring-Security,com.spring.jwt.auction.exception,InvalidAuctionStateException,4,0,0,0,2,0,1,0,1,0
JWT-with-Spring-Security,com.spring.jwt.auction.exception,BadBidException,4,0,0,0,2,0,1,0,1,0
JWT-with-Spring-Security,com.spring.jwt.auction.exception,MobileNotFoundForAuctionException,5,0,0,0,2,0,1,0,1,0
JWT-with-Spring-Security,com.spring.jwt.auction.exception,BidNotFoundException,9,0,0,0,4,0,2,0,2,0
JWT-with-Spring-Security,com.spring.jwt.auction.exception,AuctionNotFoundException,9,0,0,0,4,0,2,0,2,0
JWT-with-Spring-Security,com.spring.jwt.auction.exception,InvalidBidException,4,0,0,0,2,0,1,0,1,0
JWT-with-Spring-Security,com.spring.jwt.exception.mobile,MobileNotFoundException,9,0,0,0,4,0,2,0,2,0
JWT-with-Spring-Security,com.spring.jwt.exception.mobile,MobileRequestNotFoundException,5,0,0,0,2,0,1,0,1,0
JWT-with-Spring-Security,com.spring.jwt.exception.mobile,MobileValidationException,4,0,0,0,2,0,1,0,1,0
JWT-with-Spring-Security,com.spring.jwt.exception.mobile,MobileRequestException,9,0,0,0,2,0,2,0,2,0
JWT-with-Spring-Security,com.spring.jwt.exception.mobile,SellerNotFoundException,5,0,0,0,2,0,1,0,1,0
JWT-with-Spring-Security,com.spring.jwt.exception.mobile,BuyerNotFoundException,5,0,0,0,2,0,1,0,1,0
JWT-with-Spring-Security,com.spring.jwt.exception.mobile,MobileImageException,9,0,0,0,4,0,2,0,2,0
JWT-with-Spring-Security,com.spring.jwt.auction.dto,BidDTO,21,0,0,0,1,0,1,0,1,0
JWT-with-Spring-Security,com.spring.jwt.auction.dto,AuctionUpdateMessageDTO,21,0,0,0,1,0,1,0,1,0
JWT-with-Spring-Security,com.spring.jwt.auction.dto,AuctionDTO,30,0,0,0,1,0,1,0,1,0
JWT-with-Spring-Security,com.spring.jwt.auction.dto,AuctionUpdateMessageDTO.TopBidDTO,12,0,0,0,1,0,1,0,1,0
JWT-with-Spring-Security,com.spring.jwt.laptop.service.impl,LaptopBeadingServiceImpl,382,0,14,0,78,0,25,0,18,0
JWT-with-Spring-Security,com.spring.jwt.laptop.service.impl,LaptopPhotoServiceImpl.ByteArrayMultipartFile,56,0,4,0,15,0,11,0,9,0
JWT-with-Spring-Security,com.spring.jwt.laptop.service.impl,LaptopServiceImpl,601,0,68,0,109,0,55,0,21,0
JWT-with-Spring-Security,com.spring.jwt.laptop.service.impl,LaptopRequestServiceImpl.new TypeReference() {...},6,0,0,0,1,0,1,0,1,0
JWT-with-Spring-Security,com.spring.jwt.laptop.service.impl,LaptopRequestServiceImpl,751,0,66,0,145,0,53,0,20,0
JWT-with-Spring-Security,com.spring.jwt.laptop.service.impl,AuctionExpirySchedulerServiceImpl,43,0,4,0,10,0,4,0,2,0
JWT-with-Spring-Security,com.spring.jwt.laptop.service.impl,LaptopPhotoServiceImpl,532,0,64,0,91,0,47,0,15,0
JWT-with-Spring-Security,com.spring.jwt.laptop.service.impl,BidWebsocketServiceImpl,14,0,0,0,4,0,2,0,2,0
JWT-with-Spring-Security,com.spring.jwt.auction.mapper,AuctionMapper,89,0,10,0,26,0,8,0,3,0
JWT-with-Spring-Security,com.spring.jwt.auction.mapper,BidMapper,35,0,6,0,9,0,5,0,2,0
JWT-with-Spring-Security,com.spring.jwt.auction.scheduler,AuctionScheduler,17,0,0,0,6,0,3,0,3,0
JWT-with-Spring-Security,com.spring.jwt.utils.validation,MaxWordsValidator,26,0,4,0,6,0,5,0,3,0
JWT-with-Spring-Security,com.spring.jwt.utils.validation,MinWordsValidator,26,0,4,0,6,0,5,0,3,0
JWT-with-Spring-Security,com.spring.jwt.Mobile.entity,Mobile,798,0,138,0,28,0,112,0,43,0
JWT-with-Spring-Security,com.spring.jwt.Mobile.entity,MobileRequest.MobileRequestBuilder,81,0,0,0,1,0,11,0,11,0
JWT-with-Spring-Security,com.spring.jwt.Mobile.entity,MobileRequest,116,0,4,0,19,0,23,0,21,0
JWT-with-Spring-Security,com.spring.jwt.Mobile.entity,MobileImage.MobileImageBuilder,45,0,0,0,1,0,7,0,7,0
JWT-with-Spring-Security,com.spring.jwt.Mobile.entity,Mobile.MobileBuilder,162,0,0,0,1,0,20,0,20,0
JWT-with-Spring-Security,com.spring.jwt.Mobile.entity,MobileImage,214,0,38,0,8,0,34,0,15,0
JWT-with-Spring-Security,com.spring.jwt.Mobile.entity,Mobile.Condition,21,0,0,0,1,0,1,0,1,0
JWT-with-Spring-Security,com.spring.jwt.Mobile.entity,ConversationMessage,210,0,38,0,7,0,33,0,14,0
JWT-with-Spring-Security,com.spring.jwt.Mobile.entity,Mobile.Status,27,0,0,0,1,0,1,0,1,0
JWT-with-Spring-Security,com.spring.jwt.Mobile.entity,RequestStatus,33,0,0,0,6,0,1,0,1,0
JWT-with-Spring-Security,com.spring.jwt.service.impl,UserServiceImpl,806,0,78,0,158,0,68,0,28,0
JWT-with-Spring-Security,com.spring.jwt.utils.Colours.service.impl,ColourServiceImpl,73,0,2,0,15,0,7,0,6,0
JWT-with-Spring-Security,com.spring.jwt.utils.Colours.entity,Colour,167,0,30,0,6,0,27,0,12,0
JWT-with-Spring-Security,com.spring.jwt.Mobile.Controller,MobileImageController,42,0,0,0,14,0,3,0,3,0
JWT-with-Spring-Security,com.spring.jwt.Mobile.Controller,MobileController,65,0,0,0,15,0,6,0,6,0
JWT-with-Spring-Security,com.spring.jwt.Mobile.Controller,MobileRequestController,55,0,0,0,13,0,7,0,7,0
JWT-with-Spring-Security,com.spring.jwt.config,SslConfig,16,0,0,0,6,0,4,0,4,0
JWT-with-Spring-Security,com.spring.jwt.config,SecurityHeadersConfig.new OncePerRequestFilter() {...},34,0,0,0,9,0,2,0,2,0
JWT-with-Spring-Security,com.spring.jwt.config,RateLimitingAspect,180,0,16,0,48,0,17,0,9,0
JWT-with-Spring-Security,com.spring.jwt.config,AppConfig.new CorsConfigurationSource() {...},85,0,0,0,10,0,2,0,2,0
JWT-with-Spring-Security,com.spring.jwt.config,SchedulingConfig,32,0,0,0,11,0,3,0,3,0
JWT-with-Spring-Security,com.spring.jwt.config,RateLimitingConfig,49,0,0,0,15,0,3,0,3,0
JWT-with-Spring-Security,com.spring.jwt.config,SecurityHeadersConfig,242,0,0,0,14,0,12,0,12,0
JWT-with-Spring-Security,com.spring.jwt.config,CloudinaryConfig,27,0,0,0,6,0,2,0,2,0
JWT-with-Spring-Security,com.spring.jwt.config,AppConfig,913,0,0,0,80,0,20,0,20,0
JWT-with-Spring-Security,com.spring.jwt.config,OpenApiConfig,63,0,0,0,22,0,3,0,3,0
JWT-with-Spring-Security,com.spring.jwt.auction.controller,AuctionController,110,0,4,0,30,0,13,0,11,0
JWT-with-Spring-Security,com.spring.jwt.dto,UserProfileDTO,167,0,30,0,6,0,27,0,12,0
JWT-with-Spring-Security,com.spring.jwt.dto,EmailVerificationMapper,41,0,0,0,11,0,2,0,2,0
JWT-with-Spring-Security,com.spring.jwt.dto,RefreshTokenRequest,81,0,14,0,4,0,15,0,8,0
JWT-with-Spring-Security,com.spring.jwt.dto,UserUpdateRequest,38,0,0,0,7,0,11,0,11,0
JWT-with-Spring-Security,com.spring.jwt.dto,ResponseAllUsersDto,321,0,46,0,17,0,47,0,24,0
JWT-with-Spring-Security,com.spring.jwt.dto,UserProfileDTO1,475,0,82,0,26,0,66,0,25,0
JWT-with-Spring-Security,com.spring.jwt.dto,UserDTO,559,0,92,0,39,0,74,0,28,0
JWT-with-Spring-Security,com.spring.jwt.dto,ResetPassword,155,0,30,0,4,0,26,0,11,0
JWT-with-Spring-Security,com.spring.jwt.dto,PageResponseDto,193,0,22,0,8,0,27,0,16,0
JWT-with-Spring-Security,com.spring.jwt.dto,TokenResponse,124,0,22,0,5,0,21,0,10,0
JWT-with-Spring-Security,com.spring.jwt.dto,ResponseDto,181,0,30,0,8,0,29,0,14,0
JWT-with-Spring-Security,com.spring.jwt.dto,LoginRequest,115,0,22,0,3,0,20,0,9,0
JWT-with-Spring-Security,com.spring.jwt.car.services.impl,CarServiceImpl,363,0,54,0,74,0,41,0,14,0
JWT-with-Spring-Security,com.spring.jwt.car.services.impl,CarImageServiceImpl,346,0,34,0,76,0,23,0,6,0
JWT-with-Spring-Security,com.spring.jwt.Mobile.dto,MobileRequestResponseDTO,355,0,70,0,9,0,56,0,21,0
JWT-with-Spring-Security,com.spring.jwt.Mobile.dto,MobileAddReqDTO,168,0,30,0,5,0,27,0,12,0
JWT-with-Spring-Security,com.spring.jwt.Mobile.dto,MobileRequestCreateDTO,168,0,30,0,5,0,27,0,12,0
JWT-with-Spring-Security,com.spring.jwt.Mobile.dto,MobileUpdateDTO,33,0,6,0,1,0,8,0,5,0
JWT-with-Spring-Security,com.spring.jwt.Mobile.dto,MobileResponseDTO,635,0,126,0,16,0,98,0,35,0
JWT-with-Spring-Security,com.spring.jwt.Mobile.dto,MobileAddReqDTO.MobileAddReqDTOBuilder,36,0,0,0,1,0,6,0,6,0
JWT-with-Spring-Security,com.spring.jwt.Mobile.dto,MobileRequestDTO,435,0,86,0,11,0,68,0,25,0
JWT-with-Spring-Security,com.spring.jwt.Mobile.dto,MobileUpdateDTO.MobileRequestDTO,6,0,0,0,1,0,1,0,1,0
JWT-with-Spring-Security,com.spring.jwt.Mobile.dto,ImageUploadResponseDTO.ImageUploadResponseDTOBuilder,36,0,0,0,1,0,6,0,6,0
JWT-with-Spring-Security,com.spring.jwt.Mobile.dto,ImageUploadResponseDTO,168,0,30,0,5,0,27,0,12,0
JWT-with-Spring-Security,com.spring.jwt.Mobile.dto,MobileRequestCreateDTO.MobileRequestCreateDTOBuilder,36,0,0,0,1,0,6,0,6,0
JWT-with-Spring-Security,com.spring.jwt.Mobile.dto,MobileImageDTO,115,0,22,0,3,0,20,0,9,0
JWT-with-Spring-Security,com.spring.jwt.Bike.Service,Bike_booking_serviceimpl,437,0,44,0,87,0,40,0,18,0
JWT-with-Spring-Security,com.spring.jwt.Bike.Service,BikeImageServiceImpl,391,0,34,0,85,0,25,0,8,0
JWT-with-Spring-Security,com.spring.jwt.Bike.Service,BikeImageServiceImpl.ByteArrayMultipartFile,56,0,4,0,15,0,11,0,9,0
JWT-with-Spring-Security,com.spring.jwt.Bike.Service,bikeServiceImpl,490,169,100,10,90,42,63,10,8,10
JWT-with-Spring-Security,com.spring.jwt.Bike.Service,Bike_booking_serviceimpl.new TypeReference() {...},6,0,0,0,1,0,1,0,1,0
JWT-with-Spring-Security,com.spring.jwt,JwtWithSpringSecurityApplication,56,0,0,0,19,0,3,0,3,0
JWT-with-Spring-Security,com.spring.jwt.auction.entity,Auction.Status,33,0,0,0,6,0,1,0,1,0
JWT-with-Spring-Security,com.spring.jwt.auction.entity,Auction.AuctionBuilder,99,0,0,0,1,0,13,0,13,0
JWT-with-Spring-Security,com.spring.jwt.auction.entity,Bid.BidBuilder,72,0,0,0,1,0,10,0,10,0
JWT-with-Spring-Security,com.spring.jwt.auction.entity,Bid.Status,33,0,0,0,6,0,1,0,1,0
JWT-with-Spring-Security,com.spring.jwt.auction.entity,Auction,110,0,0,0,14,0,23,0,23,0
JWT-with-Spring-Security,com.spring.jwt.auction.entity,Bid,80,0,0,0,11,0,17,0,17,0
JWT-with-Spring-Security,com.spring.jwt.utils.Colours.dto,ColourResponseDTO,382,0,70,0,11,0,57,0,22,0
JWT-with-Spring-Security,com.spring.jwt.utils.Colours.dto,ColourDto,124,0,22,0,5,0,21,0,10,0
JWT-with-Spring-Security,com.spring.jwt.Mobile.Services.impl,MobileRequestServiceImpl.new TypeReference() {...},6,0,0,0,1,0,1,0,1,0
JWT-with-Spring-Security,com.spring.jwt.Mobile.Services.impl,MobileRequestServiceImpl.new TypeReference() {...},6,0,0,0,1,0,1,0,1,0
JWT-with-Spring-Security,com.spring.jwt.Mobile.Services.impl,MobileServiceImpl,754,0,92,0,161,0,67,0,21,0
JWT-with-Spring-Security,com.spring.jwt.Mobile.Services.impl,MobileRequestServiceImpl,699,0,58,0,143,0,47,0,18,0
JWT-with-Spring-Security,com.spring.jwt.exception.laptop,AuctionException,4,0,0,0,2,0,1,0,1,0
JWT-with-Spring-Security,com.spring.jwt.exception.laptop,ValidationException,4,0,0,0,2,0,1,0,1,0
JWT-with-Spring-Security,com.spring.jwt.exception.laptop,LaptopImageException,9,0,0,0,4,0,2,0,2,0
JWT-with-Spring-Security,com.spring.jwt.exception.laptop,LaptopNotFoundException,9,0,0,0,4,0,2,0,2,0
JWT-with-Spring-Security,com.spring.jwt.exception.laptop,LaptopAlreadyExistsException,4,0,0,0,2,0,1,0,1,0
JWT-with-Spring-Security,com.spring.jwt.exception.laptop,BlankFieldsException,4,0,0,0,2,0,1,0,1,0
JWT-with-Spring-Security,com.spring.jwt.Bike.Entity,Bike_booking,355,0,66,0,14,0,54,0,21,0
JWT-with-Spring-Security,com.spring.jwt.Bike.Entity,Bike.BikeBuilder,144,0,0,0,1,0,18,0,18,0
JWT-with-Spring-Security,com.spring.jwt.Bike.Entity,FuelType,19,0,0,0,4,0,2,0,2,0
JWT-with-Spring-Security,com.spring.jwt.Bike.Entity,BikeImage.BikeImageBuilder,45,0,0,0,1,0,7,0,7,0
JWT-with-Spring-Security,com.spring.jwt.Bike.Entity,BikeImage,197,0,32,0,8,0,31,0,15,0
JWT-with-Spring-Security,com.spring.jwt.Bike.Entity,bikeStatus,0,33,0,0,0,6,0,1,0,1
JWT-with-Spring-Security,com.spring.jwt.Bike.Entity,Bike,584,113,126,0,2,18,69,31,6,31
JWT-with-Spring-Security,com.spring.jwt.Bike.Entity,Bike_booking.BookingStatus,45,0,0,0,8,0,1,0,1,0
JWT-with-Spring-Security,com.spring.jwt.jwt,JwtConfig,457,0,76,0,14,0,69,0,31,0
JWT-with-Spring-Security,com.spring.jwt.jwt,ActiveSessionService.SessionInfo,230,0,46,0,6,0,33,0,10,0
JWT-with-Spring-Security,com.spring.jwt.jwt,ActiveSessionService,145,0,26,0,20,0,21,0,8,0
JWT-with-Spring-Security,com.spring.jwt.jwt,TokenBlacklistService,230,0,18,0,47,0,19,0,10,0
JWT-with-Spring-Security,com.spring.jwt.jwt,TokenBlacklistService.BlacklistStats,21,0,0,0,8,0,4,0,4,0
JWT-with-Spring-Security,com.spring.jwt.jwt,TokenBlacklistService.TokenInfo,44,0,0,0,16,0,8,0,8,0
JWT-with-Spring-Security,com.spring.jwt.car.dto,CarResponseDTO.CarResponseDTOBuilder,333,0,0,0,1,0,39,0,39,0
JWT-with-Spring-Security,com.spring.jwt.car.dto,CarRequestDTO,1275,0,254,0,32,0,194,0,67,0
JWT-with-Spring-Security,com.spring.jwt.car.dto,CarCreateResponseDTO.CarCreateResponseDTOBuilder,36,0,0,0,1,0,6,0,6,0
JWT-with-Spring-Security,com.spring.jwt.car.dto,CarResponseDTO,1590,0,294,0,40,0,226,0,79,0
JWT-with-Spring-Security,com.spring.jwt.car.dto,CarImageResponseDTO.CarImageResponseDTOBuilder,36,0,0,0,1,0,6,0,6,0
JWT-with-Spring-Security,com.spring.jwt.car.dto,CarImageDTO,115,0,22,0,3,0,20,0,9,0
JWT-with-Spring-Security,com.spring.jwt.car.dto,CarCreateResponseDTO,168,0,30,0,5,0,27,0,12,0
JWT-with-Spring-Security,com.spring.jwt.car.dto,CarImageResponseDTO,168,0,30,0,5,0,27,0,12,0
JWT-with-Spring-Security,com.spring.jwt.exception.colour,ColourAlreadyExistsException,4,0,0,0,2,0,1,0,1,0
JWT-with-Spring-Security,com.spring.jwt.exception.colour,ColourNotFoundException,4,0,0,0,2,0,1,0,1,0
JWT-with-Spring-Security,com.spring.jwt.laptop.model,LaptopRequestStatus,45,0,0,0,8,0,1,0,1,0
JWT-with-Spring-Security,com.spring.jwt.laptop.model,AuctionStatus,15,0,0,0,3,0,1,0,1,0
JWT-with-Spring-Security,com.spring.jwt.auction.service.impl,AuctionServiceImpl,756,0,42,0,173,0,42,0,21,0
JWT-with-Spring-Security,com.spring.jwt.utils.EmailVerificationService.EmailUtils,VerifyOtpDTO,23,0,0,0,7,0,5,0,5,0
JWT-with-Spring-Security,com.spring.jwt.utils.EmailVerificationService.EmailUtils,EmailVerificationRequest,115,0,22,0,3,0,20,0,9,0
JWT-with-Spring-Security,com.spring.jwt.utils.EmailVerificationService.EmailUtils,VerifyOtpRequest,115,0,22,0,3,0,20,0,9,0
JWT-with-Spring-Security,com.spring.jwt.utils.EmailVerificationService.EmailUtils,ResponseMessage,78,0,14,0,3,0,14,0,7,0
JWT-with-Spring-Security,com.spring.jwt.utils.EmailVerificationService.EmailUtils,EmailVerificationDto,66,0,0,0,11,0,19,0,19,0
JWT-with-Spring-Security,com.spring.jwt.repository,LocalDateTimeToOffsetDateTimeConverter,25,0,4,0,4,0,6,0,4,0
JWT-with-Spring-Security,com.spring.jwt.utils.EmailVerificationService,EmailVerificationController,36,0,0,0,6,0,3,0,3,0
JWT-with-Spring-Security,com.spring.jwt.utils.EmailVerificationService,EmailVerificationServiceImpl.new Authenticator() {...},16,0,0,0,2,0,2,0,2,0
JWT-with-Spring-Security,com.spring.jwt.utils.EmailVerificationService,EmailVerificationServiceImpl,354,0,18,0,70,0,21,0,12,0
JWT-with-Spring-Security,com.spring.jwt.utils.EmailVerificationService,EmailVerification,69,0,0,0,12,0,19,0,19,0
JWT-with-Spring-Security,com.spring.jwt.utils.EmailVerificationService,OtpUtil,110,0,4,0,25,0,10,0,8,0
JWT-with-Spring-Security,com.spring.jwt.controller,BuyerController,61,0,2,0,13,0,5,0,4,0
JWT-with-Spring-Security,com.spring.jwt.controller,SellerController,61,0,2,0,13,0,5,0,4,0
JWT-with-Spring-Security,com.spring.jwt.controller,AuthController,161,0,4,0,37,0,9,0,7,0
JWT-with-Spring-Security,com.spring.jwt.controller,UserController,480,0,48,0,92,0,39,0,15,0
JWT-with-Spring-Security,com.spring.jwt.mapper,UserMapper,229,0,16,0,52,0,13,0,5,0
JWT-with-Spring-Security,com.spring.jwt.utils,HelperUtils,10,0,0,0,2,0,2,0,2,0
JWT-with-Spring-Security,com.spring.jwt.utils,EncryptionMigrationUtil,114,0,18,0,26,0,13,0,4,0
JWT-with-Spring-Security,com.spring.jwt.utils,ApiResponse,483,0,66,0,61,0,63,0,30,0
JWT-with-Spring-Security,com.spring.jwt.utils,ByteArrayMultipartFile,53,0,2,0,15,0,10,0,9,0
JWT-with-Spring-Security,com.spring.jwt.utils,StringEncryptConverter,59,0,8,0,19,0,8,0,4,0
JWT-with-Spring-Security,com.spring.jwt.utils,DataMaskingUtils,211,0,32,0,50,0,23,0,7,0
JWT-with-Spring-Security,com.spring.jwt.utils,GenericResponseDto,181,0,30,0,8,0,29,0,14,0
JWT-with-Spring-Security,com.spring.jwt.utils,CookieService,134,0,10,0,39,0,13,0,8,0
JWT-with-Spring-Security,com.spring.jwt.utils,BaseResponseDTO,128,0,22,0,6,0,22,0,11,0
JWT-with-Spring-Security,com.spring.jwt.utils,DecryptionResponseProcessor,263,0,48,0,65,0,30,0,6,0
JWT-with-Spring-Security,com.spring.jwt.utils,ResponseDto,32,0,0,0,10,0,7,0,7,0
JWT-with-Spring-Security,com.spring.jwt.utils,ErrorResponseDTO1,233,0,40,0,7,0,35,0,15,0
JWT-with-Spring-Security,com.spring.jwt.utils,CloudinaryService,121,0,8,0,13,0,8,0,4,0
JWT-with-Spring-Security,com.spring.jwt.utils,ApiResponse.ApiResponseBuilder,91,0,2,0,1,0,12,0,11,0
JWT-with-Spring-Security,com.spring.jwt.utils,EmailService,82,0,0,0,21,0,4,0,4,0
JWT-with-Spring-Security,com.spring.jwt.utils,KeystoreInitializer,300,0,12,0,57,0,11,0,5,0
JWT-with-Spring-Security,com.spring.jwt.utils,SecurityAuditLogger,345,0,24,0,55,0,26,0,14,0
JWT-with-Spring-Security,com.spring.jwt.utils,EmailService.new Authenticator() {...},12,0,0,0,2,0,2,0,2,0
JWT-with-Spring-Security,com.spring.jwt.utils,BaseResponseDTO.BaseResponseDTOBuilder,27,0,0,0,1,0,5,0,5,0
JWT-with-Spring-Security,com.spring.jwt.utils,EncryptionUtil,230,0,28,0,50,0,21,0,7,0
JWT-with-Spring-Security,com.spring.jwt.utils,ErrorResponseDto,210,0,38,0,7,0,33,0,14,0
JWT-with-Spring-Security,com.spring.jwt.utils,LRIUtils,77,0,4,0,21,0,8,0,6,0
JWT-with-Spring-Security,com.spring.jwt.laptop.dto,AuctionDTO,275,0,54,0,8,0,44,0,17,0
JWT-with-Spring-Security,com.spring.jwt.laptop.dto,LaptopRequestDTO.LaptopRequestDTOBuilder,216,0,0,0,1,0,26,0,26,0
JWT-with-Spring-Security,com.spring.jwt.laptop.dto,BeadingLaptopWithInsDTO,416,0,70,0,21,0,58,0,23,0
JWT-with-Spring-Security,com.spring.jwt.laptop.dto,LaptopAddReqDTO,168,0,30,0,5,0,27,0,12,0
JWT-with-Spring-Security,com.spring.jwt.laptop.dto,LaptopRequestResponseDTO.LaptopRequestResponseDTOBuilder,90,0,0,0,1,0,12,0,12,0
JWT-with-Spring-Security,com.spring.jwt.laptop.dto,AuctionErrReponse,315,0,62,0,8,0,50,0,19,0
JWT-with-Spring-Security,com.spring.jwt.laptop.dto,LaptopErrorResponse,382,0,70,0,11,0,57,0,22,0
JWT-with-Spring-Security,com.spring.jwt.laptop.dto,BidLaptopDTO,210,0,38,0,7,0,33,0,14,0
JWT-with-Spring-Security,com.spring.jwt.laptop.dto,BookingResponseDTO,425,0,78,0,12,0,63,0,24,0
JWT-with-Spring-Security,com.spring.jwt.laptop.dto,LaptopRequestCreateDTO,211,0,38,0,6,0,33,0,14,0
JWT-with-Spring-Security,com.spring.jwt.laptop.dto,LaptopRequestResponseDTO,426,0,78,0,11,0,63,0,24,0
JWT-with-Spring-Security,com.spring.jwt.laptop.dto,BeadingLaptopDTO,315,0,62,0,8,0,50,0,19,0
JWT-with-Spring-Security,com.spring.jwt.laptop.dto,LaptopRequestDTO,1031,0,190,0,27,0,148,0,53,0
JWT-with-Spring-Security,com.spring.jwt.laptop.dto,ConversationMessageDTO,210,0,38,0,7,0,33,0,14,0
JWT-with-Spring-Security,com.spring.jwt.laptop.dto,BidResponseDTO,210,0,38,0,7,0,33,0,14,0
JWT-with-Spring-Security,com.spring.jwt.laptop.dto,LaptopAddReqDTO.LaptopAddReqDTOBuilder,36,0,0,0,1,0,6,0,6,0
JWT-with-Spring-Security,com.spring.jwt.laptop.dto,LaptopResponseDTO,425,0,78,0,12,0,63,0,24,0
JWT-with-Spring-Security,com.spring.jwt.laptop.dto,LaptopRequestCreateDTO.LaptopRequestCreateDTOBuilder,45,0,0,0,1,0,7,0,7,0
JWT-with-Spring-Security,com.spring.jwt.jwt.impl,JwtServiceImpl,817,0,78,0,219,0,59,0,20,0
JWT-with-Spring-Security,com.spring.jwt.exception.bookings,LaptopRequestException,4,0,0,0,2,0,1,0,1,0
JWT-with-Spring-Security,com.spring.jwt.exception.bookings,LaptopRequestNotFoundException,5,0,0,0,2,0,1,0,1,0
